[
{ "name": "eth_protocolVersion", "params": [], "order": [], "returns" : "" },
{ "name": "eth_hashrate", "params": [], "order": [], "returns" : "" },
{ "name": "eth_coinbase", "params": [], "order": [], "returns" : "" },
{ "name": "eth_mining", "params": [], "order": [], "returns" : false },
{ "name": "eth_gasPrice", "params": [], "order": [], "returns" : "" },
{ "name": "eth_accounts", "params": [], "order": [], "returns" : [] },
{ "name": "eth_blockNumber", "params": [], "order": [], "returns" : ""},
{ "name": "eth_getBalance", "params": ["", ""], "order": [], "returns" : ""},
{ "name": "eth_getStorageAt", "params": ["", "", ""], "order": [], "returns": ""},
{ "name": "eth_getStorageRoot", "params": ["", ""], "order": [], "returns": ""},
{ "name": "eth_getTransactionCount", "params": ["", ""], "order": [], "returns" : ""},
{ "name": "eth_pendingTransactions", "params": [], "order": [], "returns" : ""},
{ "name": "eth_getBlockTransactionCountByHash", "params": [""], "order": [], "returns" : {}},
{ "name": "eth_getBlockTransactionCountByNumber", "params": [""], "order": [], "returns" : {}},
{ "name": "eth_getUncleCountByBlockHash", "params": [""], "order": [], "returns" : {}},
{ "name": "eth_getUncleCountByBlockNumber", "params": [""], "order": [], "returns" : {}},
{ "name": "eth_getCode", "params": ["", ""], "order": [], "returns": ""},
{ "name": "eth_sendTransaction", "params": [{}], "order": [], "returns": ""},
{ "name": "eth_call", "params": [{}, ""], "order": [], "returns": ""},
{ "name": "eth_flush", "params": [], "order": [], "returns" : true},
{ "name": "eth_getBlockByHash", "params": ["", false],"order": [], "returns": {}},
{ "name": "eth_getBlockByNumber", "params": ["", false],"order": [], "returns": {}},
{ "name": "eth_getTransactionByHash", "params": [""], "order": [], "returns": {}},
{ "name": "eth_getTransactionByBlockHashAndIndex", "params": ["", ""], "order": [], "returns": {}},
{ "name": "eth_getTransactionByBlockNumberAndIndex", "params": ["", ""], "order": [], "returns": {}},
{ "name": "eth_getTransactionReceipt", "params": [""], "order": [], "returns": {}},
{ "name": "eth_getUncleByBlockHashAndIndex", "params": ["", ""], "order": [], "returns": {}},
{ "name": "eth_getUncleByBlockNumberAndIndex", "params": ["", ""], "order": [], "returns": {}},
{ "name": "eth_newFilter", "params": [{}], "order": [], "returns": ""},
{ "name": "eth_newFilterEx", "params": [{}], "order": [], "returns": ""},
{ "name": "eth_newBlockFilter", "params": [], "order": [], "returns": ""},
{ "name": "eth_newPendingTransactionFilter", "params": [], "order": [], "returns": ""},
{ "name": "eth_uninstallFilter", "params": [""], "order": [], "returns": true},
{ "name": "eth_getFilterChanges", "params": [""], "order": [], "returns": []},
{ "name": "eth_getFilterChangesEx", "params": [""], "order": [], "returns": []},
{ "name": "eth_getFilterLogs", "params": [""], "order": [], "returns": []},
{ "name": "eth_getFilterLogsEx", "params": [""], "order": [], "returns": []},
{ "name": "eth_getLogs", "params": [{}], "order": [], "returns": []},
{ "name": "eth_getLogsEx", "params": [{}], "order": [], "returns": []},
{ "name": "eth_getWork", "params": [], "order": [], "returns": []},
{ "name": "eth_submitWork", "params": ["", "", ""], "order": [], "returns": true},
{ "name": "eth_submitHashrate", "params": ["", ""], "order": [], "returns": true},
{ "name": "eth_register", "params": [""], "order": [], "returns": ""},
{ "name": "eth_unregister", "params": [""], "order": [], "returns": true},
{ "name": "eth_fetchQueuedTransactions", "params": [""], "order": [], "returns": []},
{ "name": "eth_signTransaction", "params": [{}], "order": [], "returns": ""},
{ "name": "eth_inspectTransaction", "params": [""], "order": [], "returns": {}},
{ "name": "eth_sendRawTransaction", "params": [""], "order": [], "returns": ""},
{ "name": "eth_notePassword", "params": [""], "order": [], "returns": true},
{ "name": "eth_syncing", "params": [], "order": [], "returns": {}},
{ "name": "eth_estimateGas", "params": [{}], "order": [], "returns": ""}

]

