[
{ "name": "shh_post", "params": [{}], "order": [], "returns": true},
{ "name": "shh_newIdentity", "params": [], "order": [], "returns": ""},
{ "name": "shh_hasIdentity", "params": [""], "order": [], "returns": false},
{ "name": "shh_newGroup", "params": ["", ""], "order": [], "returns": ""},
{ "name": "shh_addToGroup", "params": ["", ""], "order": [], "returns": ""},
{ "name": "shh_newFilter", "params": [{}], "order": [], "returns": ""},
{ "name": "shh_uninstallFilter", "params": [""], "order": [], "returns": true},
{ "name": "shh_getFilterChanges", "params": [""], "order": [], "returns": []},
{ "name": "shh_getMessages", "params": [""], "order": [], "returns": []}
]
